Wins,NetRtg,DRtg,ORtgSOS Rank,Losses,Conf,Team_Name,Winner
37,36.43,91.1,11,3,0,0,1.0
32,31.17,87.7,37,5,1,1,0.3333333333333333
34,30.62,94.6,3,5,2,2,0.8333333333333334
27,27.99,92.4,38,8,3,3,0.0
27,26.61,90.2,2,9,3,4,0.5
27,26.55,93.7,33,9,4,5,0.3333333333333333
27,26.47,95.2,59,9,5,6,0.5
29,26.47,87.5,56,8,1,7,0.3333333333333333
29,26.19,93.5,22,8,5,8,0.3333333333333333
29,24.53,101.0,40,9,2,9,0.5
25,24.22,96.7,31,10,0,10,0.3333333333333333
27,23.17,99.4,95,8,6,11,0.3333333333333333
27,23.02,95.2,7,10,0,12,0.3333333333333333
25,22.96,103.0,1,12,3,13,0.6666666666666666
24,21.9,100.5,28,11,1,14,0.16666666666666666
20,20.58,93.7,5,15,2,15,0.16666666666666666
22,20.06,99.2,9,14,2,16,0.0
23,19.96,99.9,84,11,1,17,0.0
24,19.44,98.3,6,12,5,18,0.5
26,19.43,95.0,103,8,6,19,0.0
26,19.36,94.0,16,11,7,20,0.3333333333333333
23,19.29,102.9,48,10,3,21,0.0
26,19.03,99.3,65,11,4,22,0.16666666666666666
21,18.77,97.7,51,13,1,23,0.16666666666666666
24,18.19,101.8,25,12,3,24,0.0
23,17.94,95.6,13,11,1,25,0.16666666666666666
26,17.8,96.6,83,10,7,26,0.0
23,17.55,98.7,64,11,2,27,0.0
23,17.32,100.1,58,11,1,28,0.0
25,17.3,100.4,94,8,8,29,0.16666666666666666
21,17.07,95.9,20,14,3,30,0.0
21,17.02,100.5,14,15,3,31,0.16666666666666666
25,17.02,97.0,36,11,7,32,0.0
26,16.41,98.6,89,8,7,33,0.0
22,16.41,99.5,29,12,2,34,0.16666666666666666
25,16.33,96.9,81,10,4,35,0.16666666666666666
21,16.04,98.7,74,13,1,36,0.0
22,15.97,97.4,61,11,7,37,0.0
26,15.9,98.4,35,15,5,38,0.6666666666666666
25,15.74,102.1,91,9,9,39,0.0
28,14.89,101.1,88,7,7,40,0.16666666666666666
30,14.84,98.1,217,5,10,41,0.16666666666666666
28,14.53,100.5,109,7,11,42,0.0
26,14.4,100.5,76,8,3,43,0.0
24,14.19,100.5,53,12,4,44,0.16666666666666666
32,12.42,100.6,276,4,12,45,0.16666666666666666
30,11.8,101.5,314,4,13,46,0.0
23,11.8,93.3,47,11,5,47,0.0
29,10.03,103.6,259,6,14,48,0.0
25,9.19,98.0,90,12,8,49,0.16666666666666666
23,9.07,101.8,100,10,15,50,0.16666666666666666
27,7.52,106.4,185,8,16,51,0.0
28,6.61,99.9,254,7,17,52,0.0
23,6.49,107.2,97,12,9,53,0.0
26,5.15,104.0,289,9,18,54,0.0
24,4.58,102.2,192,11,19,55,0.0
24,3.73,105.6,122,12,20,56,0.16666666666666666
22,2.9,102.5,279,12,21,57,0.0
22,2.69,106.1,196,13,22,58,0.0
25,1.5,103.3,318,10,23,59,0.0
21,0.35,105.2,252,14,24,60,0.0
21,-0.25,107.5,225,15,25,61,0.0
19,-3.03,101.4,306,14,26,62,0.0
22,-4.51,114.3,193,13,27,63,0.0
17,-4.65,108.2,231,18,28,64,0.0
21,-7.09,107.2,331,15,29,65,0.0
18,-8.38,113.9,349,17,30,66,0.0
17,-10.0,106.4,348,16,31,67,0.0
31,29.86,90.9,29,8,0,0,1.0
33,27.72,90.4,95,4,9,1,0.3333333333333333
31,27.29,88.0,38,6,4,68,0.3333333333333333
31,27.28,88.2,16,6,3,13,0.3333333333333333
29,24.43,92.1,3,9,1,23,0.5
25,23.8,87.5,40,11,3,4,0.3333333333333333
29,23.24,94.5,20,6,2,2,0.0
31,23.02,99.3,17,6,6,11,0.5
28,22.85,91.8,5,8,1,25,0.16666666666666666
29,22.38,96.7,32,7,0,12,0.16666666666666666
28,21.9,96.3,85,7,4,5,0.0
24,21.83,93.2,4,13,0,10,0.5
27,21.24,91.4,28,8,6,19,0.16666666666666666
32,20.34,90.4,10,7,7,20,0.8333333333333334
27,19.95,98.6,13,10,0,69,0.3333333333333333
23,19.68,101.6,11,11,1,14,0.16666666666666666
35,19.38,95.7,109,4,21,39,0.6666666666666666
27,19.35,93.9,27,9,5,6,0.16666666666666666
19,18.82,98.1,8,15,1,70,0.0
26,18.53,96.1,64,9,9,71,0.0
26,18.51,95.0,39,10,1,72,0.5
22,18.05,94.0,25,14,3,73,0.3333333333333333
22,17.99,95.6,34,13,2,74,0.16666666666666666
29,17.94,101.2,46,8,5,75,0.6666666666666666
22,17.78,94.3,24,13,1,36,0.16666666666666666
21,17.61,96.6,1,13,2,15,0.3333333333333333
22,17.4,98.8,44,12,3,21,0.16666666666666666
26,17.39,98.9,59,9,7,40,0.0
19,17.04,91.0,2,14,1,7,0.0
23,17.03,97.2,7,12,2,76,0.16666666666666666
21,16.77,95.7,35,13,3,3,0.16666666666666666
25,16.71,97.0,60,10,3,31,0.0
25,16.37,94.5,57,8,5,47,0.0
20,16.22,94.9,43,13,2,9,0.0
23,16.04,101.1,33,14,2,77,0.16666666666666666
24,15.85,95.1,47,10,7,37,0.0
22,15.59,94.3,37,12,2,34,0.16666666666666666
21,15.39,100.8,53,12,0,78,0.0
19,15.39,104.6,45,14,2,79,0.0
22,14.85,97.5,93,11,4,80,0.0
23,13.55,100.0,54,11,5,38,0.0
21,13.49,91.4,70,13,3,30,0.0
23,13.26,95.8,56,13,4,81,0.0
25,13.07,105.3,80,10,3,82,0.16666666666666666
24,12.86,101.3,66,12,5,83,0.16666666666666666
27,12.84,93.8,151,8,8,84,0.0
22,12.74,99.1,50,11,7,33,0.0
27,11.9,96.5,205,8,11,42,0.0
31,11.85,98.7,288,4,16,51,0.0
30,11.65,102.2,218,5,22,85,0.0
27,11.35,99.4,277,8,26,86,0.0
28,11.2,96.5,113,7,19,87,0.0
26,8.51,102.9,201,8,12,88,0.0
23,8.04,101.5,168,9,15,89,0.3333333333333333
28,8.01,105.5,206,8,14,90,0.16666666666666666
24,5.88,106.1,158,12,10,41,0.0
27,5.68,104.6,271,8,25,91,0.0
25,5.49,99.6,117,10,28,64,0.0
23,5.33,104.2,233,11,17,52,0.0
26,5.24,107.5,331,9,23,59,0.0
26,4.04,101.8,138,9,27,92,0.0
27,1.22,102.7,270,8,24,93,0.0
22,0.65,102.2,183,13,20,94,0.0
24,-0.48,107.6,327,11,13,95,0.0
22,-3.38,106.9,317,13,30,66,0.0
19,-7.21,107.7,320,17,18,96,0.0
21,-8.36,115.1,362,16,31,97,0.16666666666666666
14,-11.16,106.6,337,21,29,98,0.0
28,30.95,89.7,101,4,6,11,0.3333333333333333
32,27.7,89.1,81,6,9,1,0.5
34,27.49,91.7,20,6,1,25,1.0
27,27.04,91.0,36,7,1,14,0.16666666666666666
33,25.96,92.6,70,4,4,5,0.3333333333333333
26,25.72,94.3,58,8,3,21,0.0
27,25.64,85.0,26,10,1,28,0.3333333333333333
32,25.15,95.9,24,7,5,6,0.6666666666666666
27,25.1,86.4,9,8,3,4,0.16666666666666666
30,24.56,92.9,6,8,0,99,0.6666666666666666
27,24.26,91.7,43,8,4,68,0.3333333333333333
28,23.2,89.5,52,6,3,3,0.16666666666666666
26,22.72,97.8,45,10,2,79,0.0
29,22.36,98.6,19,8,2,2,0.3333333333333333
22,20.88,91.6,27,12,1,23,0.16666666666666666
29,20.13,94.3,8,10,5,8,0.8333333333333334
26,19.53,90.6,54,8,6,19,0.16666666666666666
28,19.46,90.4,33,9,3,73,0.5
23,18.86,96.1,37,13,5,100,0.0
23,18.75,93.3,7,10,2,9,0.16666666666666666
22,18.65,88.7,44,12,3,101,0.0
23,18.55,95.3,77,10,0,0,0.0
24,17.38,93.1,82,10,6,102,0.0
22,17.23,94.0,59,11,9,71,0.16666666666666666
23,17.07,86.3,78,9,7,20,0.0
21,17.02,91.7,21,13,1,36,0.16666666666666666
19,16.61,97.2,1,15,2,103,0.3333333333333333
19,16.57,98.6,2,14,3,13,0.0
25,16.52,92.1,98,8,11,104,0.0
19,16.48,94.6,31,16,1,105,0.0
20,16.24,99.3,13,12,2,106,0.16666666666666666
27,15.89,95.6,55,6,0,78,0.3333333333333333
27,15.69,93.4,67,13,3,31,0.0
31,15.42,96.1,227,3,18,107,0.16666666666666666
25,15.34,94.0,12,8,2,16,0.16666666666666666
24,15.25,97.2,48,11,5,108,0.16666666666666666
27,15.14,92.4,95,8,7,37,0.0
27,14.85,101.9,164,7,8,109,0.0
26,14.8,99.1,35,11,5,75,0.5
23,14.76,97.1,4,13,2,15,0.16666666666666666
22,14.63,88.5,16,13,1,7,0.3333333333333333
24,14.46,94.6,127,11,8,29,0.0
25,14.45,98.4,88,6,7,32,0.0
26,14.14,95.6,90,8,4,80,0.0
21,14.04,92.9,17,14,2,76,0.0
23,13.78,92.2,34,12,0,10,0.16666666666666666
27,13.67,98.8,189,8,21,53,0.0
21,13.61,93.5,32,11,0,110,0.0
28,13.2,97.9,323,6,17,52,0.0
19,13.06,96.2,40,13,0,12,0.0
24,12.59,96.3,115,9,9,111,0.0
25,11.94,97.2,97,9,7,112,0.0
27,11.51,97.5,85,8,14,113,0.0
18,10.82,96.1,18,14,2,114,0.0
27,10.61,96.5,172,7,10,115,0.16666666666666666
30,10.58,104.8,158,5,22,58,0.0
24,9.45,98.7,80,13,8,116,0.16666666666666666
22,7.24,93.0,150,12,26,62,0.5
23,4.41,103.8,317,12,23,59,0.0
24,3.62,102.0,255,10,19,55,0.0
27,2.94,101.4,208,8,28,64,0.0
22,2.64,104.3,179,13,16,117,0.0
26,2.22,103.7,334,7,24,60,0.0
19,1.98,98.8,139,12,15,50,0.0
21,1.97,103.2,256,11,27,118,0.0
18,1.6,99.9,223,11,12,119,0.0
21,1.47,102.7,267,11,25,120,0.0
22,-0.28,106.6,280,14,20,121,0.0
24,-0.49,102.6,358,7,30,122,0.0
19,-1.28,98.9,333,13,29,98,0.0
22,-1.32,105.1,345,10,31,123,0.0
23,-6.55,103.2,341,12,13,95,0.0
31,36.48,89.9,70,1,6,11,0.8333333333333334
28,33.87,91.1,64,2,1,14,1.0
23,29.67,87.9,9,5,2,103,0.5
24,29.06,88.9,5,7,2,9,0.16666666666666666
28,28.75,89.6,105,4,9,1,0.6666666666666666
25,27.58,88.1,19,8,4,80,0.5
22,26.87,96.7,31,9,2,79,0.16666666666666666
23,25.1,91.2,32,9,4,22,0.3333333333333333
26,25.09,87.8,35,7,3,13,0.3333333333333333
26,24.32,87.0,110,5,11,104,0.3333333333333333
21,23.58,97.1,10,10,2,106,0.0
18,23.02,96.0,51,7,0,99,0.3333333333333333
22,22.43,94.5,14,10,4,68,0.6666666666666666
18,22.4,90.6,7,13,2,16,0.16666666666666666
18,22.12,92.8,46,7,5,124,0.16666666666666666
21,21.85,95.4,26,7,4,44,0.3333333333333333
18,21.81,90.9,67,11,1,28,0.16666666666666666
25,21.56,89.6,49,7,3,73,0.5
18,21.42,93.3,40,7,5,47,0.0
20,21.12,92.5,57,7,6,17,0.0
15,20.61,92.5,69,8,0,0,0.0
22,20.59,92.8,63,9,0,10,0.3333333333333333
19,20.51,96.3,45,10,1,70,0.16666666666666666
19,20.35,99.8,66,10,3,101,0.16666666666666666
18,20.33,92.9,16,10,2,2,0.0
19,20.31,92.8,54,8,1,23,0.0
21,19.98,90.2,25,9,1,25,0.16666666666666666
18,19.95,88.1,60,9,3,4,0.0
23,19.88,91.1,97,5,7,20,0.0
16,19.04,91.0,92,5,8,125,0.0
21,18.95,90.7,18,9,1,126,0.16666666666666666
18,18.62,91.7,21,11,5,8,0.0
17,17.63,94.1,34,14,2,74,0.16666666666666666
17,17.5,96.2,65,9,5,127,0.0
16,17.48,90.6,3,12,2,114,0.16666666666666666
16,17.06,95.1,47,11,1,105,0.16666666666666666
15,16.95,94.1,36,10,3,24,0.16666666666666666
18,16.75,96.9,48,10,5,128,0.3333333333333333
20,16.4,95.7,15,13,4,129,0.5
16,15.48,90.9,43,8,5,18,0.0
20,15.34,89.5,118,9,7,40,0.0
16,15.14,95.5,33,10,3,82,0.0
19,15.04,90.2,93,7,8,84,0.0
15,14.44,95.3,72,7,5,100,0.0
26,14.27,98.2,155,5,11,42,0.0
22,13.63,96.2,187,5,25,91,0.0
13,12.91,95.0,27,13,0,130,0.0
15,12.9,94.2,2,13,2,15,0.0
16,12.3,97.2,96,6,9,131,0.0
18,11.76,95.0,126,10,21,132,0.16666666666666666
17,10.47,100.9,99,8,19,133,0.16666666666666666
24,10.11,91.6,287,5,13,134,0.16666666666666666
14,9.25,101.0,282,2,23,59,0.0
23,8.6,101.2,283,6,27,135,0.0
23,8.48,96.5,281,2,24,136,0.0
17,8.32,97.1,211,7,10,41,0.0
16,8.19,101.3,212,8,28,137,0.0
21,7.79,95.8,163,9,14,138,0.0
18,4.83,104.4,120,11,22,85,0.3333333333333333
23,3.19,97.4,209,8,18,54,0.0
12,0.67,105.8,229,8,16,139,0.0
19,-0.13,100.7,122,8,20,140,0.0
12,-0.78,101.0,312,6,26,86,0.0
15,-2.98,100.0,289,9,17,141,0.0
17,-4.37,104.2,341,9,29,98,0.0
17,-4.47,103.6,318,8,30,122,0.0
17,-4.71,103.1,254,12,12,142,0.0
12,-6.62,101.1,285,11,31,143,0.0
35,34.22,89.2,34,3,5,47,1.0
33,32.85,91.6,69,4,6,11,0.5
32,30.81,90.2,7,7,2,15,0.6666666666666666
32,30.62,89.3,4,6,5,6,0.5
31,30.03,84.1,19,7,1,28,0.8333333333333334
30,28.32,86.2,35,7,2,103,0.3333333333333333
29,27.69,92.0,2,7,5,8,0.3333333333333333
30,27.57,90.1,5,7,3,21,0.5
26,26.81,95.6,13,10,2,2,0.5
31,26.24,96.5,23,6,3,4,0.3333333333333333
30,25.0,95.9,3,10,3,3,0.6666666666666666
33,24.13,91.2,92,4,9,1,0.3333333333333333
26,24.07,94.0,49,9,5,100,0.3333333333333333
29,22.39,90.4,20,8,5,124,0.3333333333333333
23,22.09,96.8,29,12,1,7,0.0
23,21.94,88.5,14,11,2,16,0.0
26,21.57,92.3,1,10,1,25,0.16666666666666666
30,20.69,97.4,83,5,14,144,0.16666666666666666
28,20.22,97.5,30,7,3,101,0.3333333333333333
25,20.06,88.4,31,9,1,72,0.0
23,20.04,97.6,17,11,3,30,0.0
32,19.85,95.4,100,4,19,145,0.16666666666666666
20,19.35,94.4,10,14,5,146,0.0
23,19.29,94.1,18,11,2,74,0.16666666666666666
20,18.3,92.2,6,16,3,24,0.16666666666666666
29,18.18,95.9,111,5,7,33,0.0
25,17.86,91.7,59,13,4,44,0.3333333333333333
28,17.5,94.8,66,7,9,147,0.0
26,17.33,99.2,44,10,0,99,0.16666666666666666
22,17.31,97.4,76,12,6,19,0.0
20,16.94,94.1,11,14,1,105,0.16666666666666666
24,16.52,96.7,63,10,0,12,0.0
24,16.51,95.6,90,9,9,148,0.16666666666666666
20,16.48,98.8,43,14,1,14,0.16666666666666666
23,16.02,101.3,42,12,2,79,0.16666666666666666
28,15.41,97.2,147,7,7,40,0.0
20,15.13,95.3,46,14,5,128,0.0
25,14.89,89.5,120,8,8,84,0.0
20,14.66,94.4,8,15,2,106,0.16666666666666666
22,14.35,97.0,15,14,2,149,0.16666666666666666
27,14.28,93.5,62,9,4,150,0.16666666666666666
27,14.09,101.5,183,6,18,151,0.0
20,13.98,99.2,38,13,3,152,0.0
28,13.83,98.6,222,5,18,107,0.16666666666666666
30,13.62,99.3,235,5,10,115,0.0
23,11.55,98.2,64,11,4,81,0.0
29,11.54,99.6,245,7,27,135,0.16666666666666666
20,11.5,97.5,36,14,0,110,0.0
23,9.72,99.5,77,10,9,153,0.0
31,9.16,98.2,243,6,25,154,0.16666666666666666
27,8.86,99.6,311,7,17,52,0.0
22,8.79,102.8,224,8,15,50,0.0
21,7.61,101.0,70,13,0,155,0.0
23,7.59,103.4,78,11,16,156,0.0
26,7.14,102.3,186,9,20,94,0.0
23,6.02,96.2,150,13,8,157,0.0
26,5.45,96.0,244,9,21,158,0.0
24,4.85,102.8,121,10,12,119,0.0
24,4.6,105.9,254,11,23,59,0.0
26,3.53,103.9,259,9,28,159,0.0
27,1.35,102.0,326,7,13,134,0.0
20,0.09,101.4,242,15,11,160,0.0
23,-0.04,107.8,210,12,24,161,0.0
17,-2.88,109.7,314,16,26,86,0.0
19,-3.2,110.6,138,16,22,162,0.0
22,-4.13,106.2,343,13,29,163,0.0
21,-4.22,110.7,335,14,31,97,0.0
18,-11.55,109.3,353,16,30,164,0.0
36,33.76,94.0,10,4,0,99,1.0
31,29.53,85.6,33,3,5,47,0.0
29,28.86,93.6,30,8,5,6,0.5
31,26.6,86.8,89,5,9,147,0.16666666666666666
30,26.27,96.4,51,7,2,2,0.3333333333333333
30,25.41,93.8,63,5,2,15,0.16666666666666666
33,24.2,90.5,7,8,2,103,0.8333333333333334
26,23.59,96.7,5,11,5,8,0.16666666666666666
31,23.49,97.4,3,8,1,25,0.6666666666666666
32,23.03,95.1,102,5,6,11,0.3333333333333333
27,22.59,90.8,23,10,1,28,0.5
26,22.44,96.9,38,11,1,70,0.3333333333333333
26,22.27,92.4,13,9,3,4,0.16666666666666666
25,21.65,92.6,26,10,5,18,0.3333333333333333
29,21.51,98.6,37,6,0,69,0.16666666666666666
25,21.16,94.9,40,9,2,106,0.16666666666666666
26,20.44,95.4,22,11,3,21,0.3333333333333333
27,20.24,94.4,95,8,9,1,0.16666666666666666
21,19.05,97.2,1,14,0,165,0.16666666666666666
25,19.03,101.9,79,8,9,131,0.0
21,18.96,95.5,31,13,3,24,0.16666666666666666
26,18.69,96.7,58,8,3,3,0.16666666666666666
21,18.47,101.2,24,12,1,36,0.0
29,18.39,101.8,87,8,7,33,0.3333333333333333
22,18.04,98.8,27,12,0,110,0.16666666666666666
23,17.77,96.5,45,12,5,124,0.5
27,17.7,100.4,65,8,4,5,0.0
22,16.96,94.4,2,13,3,31,0.3333333333333333
21,16.91,98.6,21,12,0,10,0.0
32,16.39,95.0,156,6,11,104,0.6666666666666666
21,16.03,99.3,47,12,5,100,0.0
19,15.43,94.1,8,15,1,23,0.0
22,15.43,97.4,52,10,5,75,0.0
20,14.83,97.0,41,13,3,82,0.0
23,14.82,92.2,9,14,5,128,0.3333333333333333
25,14.77,95.3,14,12,1,72,0.5
21,14.7,102.3,116,12,8,109,0.0
23,14.69,101.7,28,12,3,73,0.0
21,14.52,101.8,62,12,5,38,0.0
18,14.16,100.5,11,14,1,105,0.0
20,14.13,102.6,77,12,4,81,0.0
22,14.09,96.4,80,11,7,20,0.0
26,13.93,97.2,75,8,8,166,0.16666666666666666
21,13.52,101.4,72,12,4,68,0.0
20,13.41,95.2,19,16,3,13,0.16666666666666666
28,12.92,95.0,193,6,10,115,0.0
26,12.19,100.7,253,6,18,107,0.0
21,12.17,96.7,4,14,0,78,0.0
27,11.53,103.2,145,9,19,145,0.16666666666666666
26,11.21,99.5,86,8,8,125,0.0
26,10.4,98.4,192,8,28,159,0.0
28,10.2,103.6,113,7,22,58,0.0
27,9.22,95.7,210,8,14,138,0.0
25,7.31,102.2,260,10,23,167,0.0
24,6.92,101.9,229,11,12,119,0.0
25,6.53,102.9,118,11,21,168,0.16666666666666666
28,5.58,99.0,330,7,13,169,0.0
26,5.16,103.6,153,8,16,170,0.0
24,3.69,99.4,209,9,15,171,0.0
25,2.89,97.7,266,10,20,121,0.0
20,2.63,107.3,240,14,26,86,0.0
20,0.62,103.1,204,12,25,120,0.0
25,0.5,102.6,267,11,17,172,0.16666666666666666
23,0.43,102.8,235,10,27,173,0.0
23,0.07,102.9,259,13,24,174,0.0
16,-6.65,111.2,318,20,29,98,0.0
18,-8.27,110.6,334,17,31,175,0.0
19,-13.41,110.0,349,16,30,164,0.0
37,32.05,86.3,84,2,6,11,0.8333333333333334
32,29.88,92.5,38,4,0,99,0.16666666666666666
33,28.22,92.5,4,7,5,8,1.0
32,27.72,91.4,24,6,3,21,0.5
27,27.5,89.5,28,9,3,24,0.5
31,27.45,94.5,10,5,1,25,0.5
28,27.17,89.4,34,9,1,70,0.3333333333333333
31,26.14,92.6,130,5,11,131,0.16666666666666666
25,25.51,91.7,7,9,5,146,0.16666666666666666
33,25.02,93.2,47,6,4,44,0.6666666666666666
30,24.73,95.0,117,5,9,111,0.0
23,24.29,88.0,8,11,5,47,0.16666666666666666
27,24.23,92.9,6,8,1,14,0.3333333333333333
28,24.17,96.8,13,9,5,6,0.16666666666666666
29,23.67,95.0,163,5,6,19,0.16666666666666666
31,23.63,100.4,67,5,4,68,0.3333333333333333
24,23.45,96.3,2,11,1,7,0.16666666666666666
32,23.31,95.1,56,5,4,5,0.3333333333333333
27,23.12,93.9,39,8,2,2,0.3333333333333333
26,23.05,99.2,26,12,2,103,0.3333333333333333
27,22.99,92.1,22,10,2,16,0.3333333333333333
20,22.48,103.5,5,13,1,126,0.0
30,22.18,92.8,75,6,9,147,0.16666666666666666
26,20.8,88.1,31,11,3,43,0.6666666666666666
25,20.76,97.0,17,9,0,165,0.3333333333333333
26,20.06,95.5,19,9,5,124,0.16666666666666666
26,19.74,98.4,35,10,5,108,0.16666666666666666
25,18.83,96.5,27,10,0,10,0.0
21,17.44,95.6,20,14,1,72,0.0
24,16.7,99.0,9,14,0,69,0.5
19,16.58,104.2,50,13,0,12,0.0
19,16.53,95.9,33,16,3,176,0.0
25,16.26,95.2,79,10,8,166,0.16666666666666666
26,16.25,99.8,59,10,3,73,0.16666666666666666
19,16.25,104.7,12,14,5,177,0.0
24,16.0,93.7,52,10,2,149,0.0
24,15.81,95.5,51,12,2,34,0.16666666666666666
24,15.57,96.3,90,8,8,29,0.0
20,15.51,95.9,21,15,2,15,0.16666666666666666
21,15.03,94.9,18,12,5,75,0.0
31,14.95,97.2,158,5,21,178,0.16666666666666666
24,14.34,98.7,62,9,2,74,0.0
26,14.07,96.0,93,9,8,84,0.0
22,13.8,103.5,36,11,5,100,0.0
21,13.63,95.8,29,12,0,110,0.0
26,13.45,100.7,54,10,4,80,0.16666666666666666
28,13.31,101.3,155,7,7,33,0.0
23,12.61,96.4,187,7,15,89,0.0
29,12.46,105.5,123,6,16,179,0.0
20,12.43,96.0,49,13,0,78,0.0
29,11.67,99.4,234,6,17,52,0.0
27,11.1,96.9,106,8,14,180,0.0
26,9.38,100.3,298,9,23,167,0.0
28,7.89,102.6,307,6,10,115,0.0
26,5.07,104.4,194,8,27,181,0.0
26,4.53,101.6,316,7,24,136,0.0
22,4.2,106.6,193,13,26,86,0.0
22,2.04,107.6,263,15,12,182,0.0
24,1.91,104.9,242,11,20,94,0.0
22,1.68,103.3,160,14,19,87,0.0
20,0.63,105.2,167,15,18,118,0.0
25,0.36,101.9,348,9,30,164,0.0
22,0.04,103.5,237,10,28,183,0.0
20,-0.52,101.8,267,12,13,184,0.0
18,-1.19,111.4,137,17,22,58,0.0
20,-3.86,103.4,277,16,31,143,0.0
23,-4.04,107.5,327,12,29,98,0.0
23,-4.41,102.2,313,13,25,185,0.0
35,32.01,90.8,19,5,0,99,1.0
33,29.82,94.6,4,7,5,8,0.8333333333333334
33,29.67,90.4,8,5,1,25,0.5
29,29.64,91.0,2,8,5,47,0.5
29,27.97,95.5,73,6,2,15,0.0
27,25.14,96.6,58,9,3,21,0.16666666666666666
26,24.45,90.9,11,9,1,70,0.0
26,23.85,93.1,46,9,2,2,0.0
29,23.78,94.1,6,8,1,105,0.6666666666666666
27,23.05,98.7,51,8,2,76,0.3333333333333333
31,22.68,96.4,47,7,4,44,0.5
26,22.53,88.7,154,9,11,131,0.16666666666666666
28,22.52,94.6,64,6,0,69,0.16666666666666666
27,22.44,96.9,5,8,5,75,0.3333333333333333
25,21.87,100.0,3,11,5,6,0.3333333333333333
28,21.26,92.5,36,9,3,31,0.3333333333333333
25,20.97,95.8,67,9,4,5,0.0
23,20.95,100.3,28,12,1,7,0.16666666666666666
28,20.82,95.5,77,8,6,11,0.3333333333333333
27,20.25,95.9,45,9,2,74,0.3333333333333333
22,20.24,95.9,26,11,2,79,0.16666666666666666
22,19.06,99.8,34,12,1,14,0.0
19,18.76,94.9,44,14,3,176,0.0
25,18.71,93.2,72,11,9,0,0.16666666666666666
23,18.57,94.1,12,14,5,128,0.6666666666666666
23,18.32,94.2,40,11,4,186,0.0
25,18.27,92.9,61,9,0,110,0.0
22,17.27,100.7,62,11,0,165,0.16666666666666666
25,17.07,95.0,76,11,8,84,0.16666666666666666
22,17.06,94.1,79,11,9,147,0.0
27,16.79,98.8,33,9,4,187,0.16666666666666666
24,16.6,104.0,9,12,5,108,0.5
21,16.6,98.3,14,12,5,83,0.0
22,16.55,93.6,24,13,2,16,0.3333333333333333
20,16.19,96.8,7,13,1,23,0.0
28,15.62,96.6,251,6,13,169,0.16666666666666666
28,15.37,98.9,85,8,8,188,0.16666666666666666
24,14.49,95.5,39,11,0,78,0.16666666666666666
23,14.33,96.0,122,7,15,50,0.16666666666666666
21,14.25,99.7,57,13,4,80,0.0
23,14.15,100.5,29,13,2,103,0.0
19,13.78,99.4,22,13,1,28,0.0
30,13.24,96.0,188,5,12,189,0.3333333333333333
22,12.91,95.9,37,12,4,22,0.0
25,12.63,94.0,75,8,8,29,0.0
28,12.16,96.1,258,6,25,190,0.16666666666666666
19,11.65,99.1,32,13,4,129,0.0
20,11.5,99.7,84,12,9,191,0.0
23,11.13,98.5,107,13,11,192,0.16666666666666666
26,9.57,101.8,168,8,22,58,0.0
25,9.21,101.5,115,8,16,179,0.0
21,8.82,98.1,69,12,9,153,0.0
26,8.13,99.1,232,7,17,193,0.0
22,7.13,103.4,207,11,26,86,0.0
25,6.63,100.8,135,10,7,194,0.0
29,6.5,101.0,174,6,14,113,0.0
24,6.26,97.8,316,9,10,195,0.0
25,4.76,99.9,119,10,21,178,0.16666666666666666
23,3.74,104.6,180,13,20,196,0.0
22,3.44,100.1,222,12,24,93,0.0
20,2.95,102.9,95,15,19,145,0.0
26,2.45,100.9,228,9,28,197,0.0
21,-0.08,103.7,191,14,27,181,0.0
18,-5.1,109.6,149,18,18,198,0.0
22,-5.75,106.3,340,13,29,199,0.0
21,-7.4,107.2,342,11,30,200,0.0
18,-10.63,115.0,345,15,31,97,0.0
15,-11.39,108.5,288,20,23,201,0.0
38,36.91,84.4,27,1,3,21,0.6666666666666666
36,33.72,95.2,9,4,2,16,0.8333333333333334
35,32.48,92.0,2,4,5,6,1.0
34,32.36,87.5,38,4,4,5,0.5
33,30.65,92.0,42,3,0,99,0.16666666666666666
30,30.06,85.5,31,4,5,47,0.16666666666666666
35,27.78,93.9,67,3,6,11,0.5
26,27.24,89.2,26,9,4,187,0.3333333333333333
32,24.96,100.4,57,6,5,108,0.5
26,23.85,95.3,1,12,5,8,0.3333333333333333
24,22.8,89.7,8,11,1,105,0.3333333333333333
27,22.72,91.8,3,9,1,25,0.16666666666666666
30,22.21,93.6,103,5,11,131,0.3333333333333333
24,22.14,94.5,22,10,1,14,0.0
27,21.72,94.9,7,12,2,15,0.6666666666666666
25,21.49,97.5,18,9,1,7,0.0
27,21.21,88.9,11,9,5,146,0.5
31,20.98,95.3,137,4,11,192,0.16666666666666666
24,20.75,94.8,45,11,2,106,0.16666666666666666
23,20.09,90.1,4,11,0,165,0.16666666666666666
23,19.49,97.1,12,14,0,69,0.3333333333333333
22,19.13,95.1,5,11,0,130,0.16666666666666666
22,19.02,95.1,21,12,2,79,0.16666666666666666
20,18.94,93.4,33,14,1,23,0.0
25,17.64,94.9,24,10,1,70,0.3333333333333333
27,17.51,95.6,109,7,9,111,0.0
22,16.72,95.9,10,12,0,78,0.0
25,16.69,102.7,74,10,6,17,0.0
27,16.44,98.3,71,9,3,73,0.16666666666666666
26,16.27,94.9,50,10,8,84,0.0
27,15.95,89.0,86,9,7,20,0.16666666666666666
22,15.93,98.9,15,14,5,38,0.3333333333333333
28,15.68,95.7,37,7,2,74,0.16666666666666666
21,15.09,94.5,30,12,3,202,0.0
24,15.0,104.7,108,8,8,109,0.0
18,14.92,96.8,41,14,1,126,0.0
22,14.65,98.2,49,14,4,68,0.3333333333333333
27,14.24,95.0,107,9,8,29,0.16666666666666666
23,14.15,94.0,114,11,9,147,0.16666666666666666
21,13.96,97.0,17,13,2,2,0.0
26,13.88,101.3,32,10,4,44,0.16666666666666666
21,13.88,100.6,68,13,3,152,0.0
25,13.85,98.1,116,9,7,37,0.0
20,13.83,106.0,52,14,2,76,0.0
22,13.76,95.1,83,11,3,101,0.0
21,13.7,97.0,20,12,0,155,0.0
29,13.64,100.3,260,5,13,169,0.0
23,11.87,99.4,90,10,19,145,0.0
28,11.13,96.3,153,6,20,203,0.0
25,10.32,101.3,249,10,12,119,0.16666666666666666
22,9.23,95.6,146,8,15,204,0.0
21,7.09,99.2,123,13,25,154,0.0
28,6.72,98.5,158,7,14,144,0.0
23,6.63,100.8,310,11,10,115,0.0
25,5.67,99.1,210,10,7,112,0.0
23,5.12,103.1,132,12,16,156,0.0
24,3.29,103.9,325,9,17,205,0.0
26,3.25,109.6,148,9,28,137,0.0
20,3.06,101.9,163,16,21,53,0.16666666666666666
24,2.38,104.3,261,10,24,206,0.0
22,2.27,107.9,250,11,18,151,0.0
23,2.26,106.2,312,12,27,207,0.0
23,1.41,102.4,221,10,22,162,0.0
19,0.31,101.6,275,14,26,208,0.0
20,-1.39,104.5,233,15,31,209,0.0
20,-2.14,115.1,215,13,23,210,0.0
22,-3.84,107.9,333,13,29,98,0.0
17,-7.4,104.0,337,18,30,200,0.0
31,30.41,88.5,100,6,9,146,0.3333333333333333
33,30.11,86.4,20,5,4,5,0.5
36,28.57,88.0,32,3,3,24,0.6666666666666666
30,26.46,88.3,31,7,5,47,0.3333333333333333
30,25.89,96.1,13,8,2,16,0.6666666666666666
35,25.36,92.4,119,1,11,131,0.16666666666666666
25,24.6,94.7,1,10,1,25,0.16666666666666666
26,24.25,100.4,34,9,5,6,0.0
29,23.92,94.7,15,9,2,15,0.5
24,23.69,94.2,46,13,3,4,0.3333333333333333
29,23.68,92.6,18,5,0,99,0.16666666666666666
28,23.44,100.5,12,9,2,103,0.5
29,22.55,95.8,7,11,3,21,0.8333333333333334
28,22.53,96.1,39,9,4,68,0.3333333333333333
32,22.13,91.5,24,8,9,0,1.0
26,21.89,95.0,69,10,5,83,0.16666666666666666
27,21.72,102.5,58,8,0,10,0.16666666666666666
28,21.62,93.0,33,6,5,128,0.16666666666666666
25,21.3,88.0,36,10,2,106,0.0
28,21.07,97.8,2,8,1,7,0.3333333333333333
21,20.98,95.0,19,13,1,126,0.0
20,20.44,99.8,55,13,2,79,0.0
31,20.38,90.0,68,5,7,20,0.3333333333333333
29,20.14,93.8,42,7,6,11,0.16666666666666666
26,19.8,89.4,88,9,8,84,0.0
26,19.39,99.5,3,12,1,14,0.3333333333333333
27,19.24,90.4,93,7,9,147,0.0
24,19.02,99.9,37,10,4,44,0.16666666666666666
24,18.44,94.2,9,10,5,8,0.16666666666666666
23,17.9,100.0,16,10,1,105,0.0
27,17.58,95.3,170,5,15,204,0.16666666666666666
27,17.15,96.3,78,7,7,26,0.0
23,16.06,96.4,17,13,4,211,0.3333333333333333
27,15.72,90.0,96,7,8,157,0.16666666666666666
24,15.22,97.1,63,10,9,71,0.16666666666666666
21,14.82,96.4,53,12,4,81,0.0
24,14.52,97.3,4,11,1,23,0.16666666666666666
26,14.25,99.6,79,11,8,29,0.5
20,14.1,93.7,8,13,1,72,0.0
24,13.82,97.0,95,9,8,212,0.0
23,13.81,100.8,35,12,0,78,0.0
23,13.77,100.7,26,12,6,17,0.0
24,13.46,96.5,71,9,8,213,0.0
21,13.11,99.8,38,13,0,69,0.0
24,12.93,99.4,85,10,8,188,0.0
19,12.64,96.1,61,13,2,27,0.0
26,11.76,103.7,105,7,22,162,0.16666666666666666
22,11.6,102.4,60,14,5,38,0.0
23,11.2,96.5,27,12,4,22,0.0
32,10.83,101.5,298,3,13,169,0.16666666666666666
26,10.54,102.4,258,10,10,115,0.0
25,10.21,97.0,128,8,26,208,0.0
21,8.93,97.2,154,13,21,191,0.0
27,8.34,102.4,216,9,27,214,0.16666666666666666
28,7.98,100.7,349,6,30,164,0.0
25,5.83,106.2,146,10,16,117,0.0
23,5.19,105.0,150,12,12,215,0.0
20,4.57,98.9,218,13,23,216,0.0
24,3.96,108.4,189,10,18,217,0.0
23,3.36,103.0,202,10,19,218,0.0
21,0.08,104.6,173,14,20,219,0.0
19,-0.62,107.0,238,12,28,197,0.0
14,-0.82,104.4,89,20,25,220,0.0
19,-1.04,103.9,311,15,17,205,0.0
20,-1.94,102.6,224,13,14,144,0.0
16,-3.96,111.7,272,17,31,143,0.0
21,-4.98,103.2,297,13,24,206,0.0
19,-7.49,114.1,350,15,29,98,0.0
35,32.92,84.8,11,5,0,146,1.0
29,31.18,86.0,63,8,3,24,0.5
29,29.31,91.5,23,7,2,76,0.3333333333333333
31,27.86,94.0,5,8,2,103,0.8333333333333334
32,27.81,92.7,75,3,6,11,0.16666666666666666
30,26.98,92.1,4,6,5,6,0.5
29,25.42,89.7,12,8,2,106,0.5
31,25.23,87.5,19,6,1,25,0.3333333333333333
30,24.83,88.3,20,10,0,128,0.6666666666666666
27,24.17,88.5,2,9,2,15,0.3333333333333333
24,24.08,91.5,89,9,0,83,0.0
23,22.57,85.7,1,12,2,16,0.0
29,22.37,91.3,9,7,5,75,0.3333333333333333
27,21.88,93.5,29,8,4,5,0.3333333333333333
28,21.75,96.5,74,8,11,10,0.16666666666666666
25,21.24,86.4,34,7,0,130,0.0
30,20.31,91.5,17,9,11,131,0.6666666666666666
27,20.28,93.7,56,9,8,84,0.16666666666666666
28,20.01,88.6,101,7,8,157,0.16666666666666666
21,19.85,95.0,3,13,2,149,0.16666666666666666
28,19.33,96.8,92,7,6,19,0.0
26,19.12,98.8,57,9,7,32,0.16666666666666666
29,19.02,90.9,31,6,7,26,0.0
24,18.69,90.3,22,9,1,126,0.0
23,18.53,96.4,83,11,3,82,0.0
26,18.32,94.9,49,9,0,12,0.5
27,18.16,95.3,38,8,1,72,0.0
23,17.63,99.8,71,12,1,7,0.16666666666666666
23,17.43,90.3,24,11,7,20,0.16666666666666666
25,17.14,95.1,25,11,5,8,0.16666666666666666
24,16.99,99.8,40,11,5,38,0.0
27,16.95,95.3,131,9,3,152,0.16666666666666666
28,16.78,89.8,84,9,4,44,0.3333333333333333
25,16.65,97.9,82,10,0,108,0.0
31,16.33,91.0,93,5,21,71,0.16666666666666666
25,16.07,90.0,37,10,7,221,0.0
23,15.82,94.8,6,13,2,9,0.16666666666666666
22,15.57,90.4,66,12,0,147,0.0
27,15.41,95.1,21,9,8,165,0.16666666666666666
26,14.92,96.6,118,7,18,151,0.0
28,14.77,92.5,243,6,12,178,0.0
21,14.62,91.9,13,12,4,22,0.0
25,14.53,96.6,44,10,4,68,0.0
24,13.89,98.0,53,10,8,222,0.3333333333333333
20,13.8,97.3,30,12,1,105,0.0
20,13.57,92.7,27,14,0,99,0.0
21,13.54,99.7,45,11,7,37,0.0
21,13.11,94.2,43,12,4,186,0.16666666666666666
28,12.72,94.6,160,6,23,167,0.0
24,12.67,98.6,58,10,8,153,0.16666666666666666
26,11.52,95.2,157,7,19,55,0.0
26,11.42,99.3,207,8,20,203,0.0
26,11.36,100.7,266,8,14,109,0.0
24,7.68,97.1,148,11,10,115,0.0
20,7.45,106.9,159,14,26,86,0.0
20,7.07,101.1,145,10,15,204,0.16666666666666666
25,6.79,105.2,174,10,22,58,0.0
26,6.27,98.6,215,11,27,181,0.3333333333333333
22,3.96,102.2,111,13,25,223,0.0
23,2.82,103.8,297,9,13,224,0.0
25,2.14,102.8,186,7,28,159,0.0
24,1.36,101.3,318,11,17,205,0.0
23,0.5,98.8,347,10,29,199,0.0
20,-0.41,102.2,235,16,12,57,0.0
21,-0.92,101.1,180,15,16,45,0.0
20,-2.13,112.6,309,14,31,175,0.0
20,-5.3,98.5,329,17,30,225,0.0
15,-9.38,110.6,306,21,24,135,0.0
38,32.59,89.6,35,2,3,21,0.8333333333333334
31,30.07,88.1,3,8,2,106,0.6666666666666666
29,27.87,86.9,6,8,2,15,0.3333333333333333
32,26.91,87.1,4,7,1,25,1.0
34,26.04,91.7,29,3,0,128,0.5
32,25.44,90.7,27,6,5,8,0.5
30,25.28,99.8,60,5,1,82,0.0
26,24.09,89.6,15,10,2,16,0.3333333333333333
27,22.55,97.6,19,9,2,76,0.3333333333333333
26,22.47,98.0,65,11,3,24,0.5
27,22.36,93.8,73,6,11,131,0.0
26,21.9,92.3,78,9,21,71,0.0
30,21.29,94.7,10,8,1,14,0.5
26,21.2,90.7,76,8,8,157,0.16666666666666666
24,21.05,90.1,22,9,0,130,0.16666666666666666
25,20.9,94.7,14,11,3,176,0.16666666666666666
30,20.67,85.5,5,10,0,146,0.6666666666666666
27,20.22,91.3,39,8,0,12,0.3333333333333333
27,19.7,98.0,25,7,5,6,0.0
28,19.45,91.4,122,7,7,26,0.16666666666666666
26,18.39,94.7,81,7,6,11,0.16666666666666666
24,17.52,96.8,2,10,2,103,0.0
22,17.52,92.3,28,11,1,72,0.16666666666666666
25,17.14,90.4,33,10,5,124,0.16666666666666666
27,16.96,100.1,148,8,27,151,0.0
23,16.69,97.2,30,11,1,7,0.16666666666666666
21,16.69,89.5,18,12,3,13,0.0
29,16.47,102.7,79,6,11,10,0.16666666666666666
24,16.37,94.9,98,10,4,186,0.0
22,16.25,99.9,9,13,2,2,0.16666666666666666
26,16.03,93.5,61,11,0,147,0.3333333333333333
20,15.9,97.0,11,14,1,23,0.0
22,15.85,89.3,75,10,5,47,0.0
27,15.48,98.8,116,6,6,19,0.0
31,15.34,93.2,162,2,18,107,0.16666666666666666
25,15.27,96.4,118,9,25,61,0.0
26,14.97,94.2,100,9,7,221,0.0
20,14.53,96.8,21,14,0,0,0.0
24,14.49,98.9,40,8,8,153,0.0
26,14.34,94.4,245,5,15,204,0.0
22,14.22,96.7,42,12,0,108,0.0
24,14.22,97.9,53,13,5,38,0.3333333333333333
19,13.56,97.9,24,14,0,70,0.0
29,13.45,93.5,213,7,16,84,0.16666666666666666
22,13.13,90.8,26,14,0,226,0.3333333333333333
26,12.79,93.5,72,9,6,17,0.0
23,12.59,96.1,20,13,8,69,0.3333333333333333
25,12.26,103.2,177,8,26,86,0.0
29,11.88,94.7,135,8,19,133,0.16666666666666666
20,11.78,98.9,83,12,8,125,0.0
27,11.62,102.1,152,8,22,58,0.0
26,11.22,98.1,144,10,10,115,0.0
26,11.16,95.8,84,8,7,20,0.0
25,10.83,100.4,90,9,21,227,0.0
25,10.65,101.4,239,8,14,109,0.0
27,9.29,99.3,293,8,23,228,0.16666666666666666
24,8.89,95.9,57,12,4,22,0.16666666666666666
20,8.17,103.7,87,12,7,32,0.0
25,6.76,96.9,183,7,28,159,0.0
23,6.33,101.3,310,12,13,229,0.0
24,5.5,104.9,221,10,24,93,0.0
22,5.48,102.6,202,14,20,230,0.0
24,5.17,100.1,319,12,17,52,0.0
24,3.91,100.0,224,9,26,231,0.0
25,0.75,107.9,306,9,31,175,0.0
26,-1.82,102.7,292,10,30,122,0.16666666666666666
16,-2.67,100.5,198,19,12,57,0.0
21,-6.3,104.2,337,13,29,232,0.0
34,33.47,91.5,17,3,2,106,0.3333333333333333
32,28.42,91.3,36,5,5,6,0.3333333333333333
35,28.38,90.6,28,3,1,25,0.5
28,27.08,93.5,32,6,0,83,0.16666666666666666
28,25.93,89.6,34,8,1,23,0.16666666666666666
25,25.84,96.5,9,9,2,16,0.3333333333333333
29,25.82,92.0,23,9,3,21,0.6666666666666666
34,24.98,89.1,31,3,7,20,0.3333333333333333
26,24.79,91.1,18,8,2,2,0.16666666666666666
32,23.93,91.9,8,9,0,0,1.0
27,23.25,97.7,27,7,0,108,0.16666666666666666
32,23.22,94.3,49,5,7,17,0.3333333333333333
27,22.49,92.4,24,8,0,128,0.16666666666666666
25,22.26,89.2,26,10,0,146,0.0
29,22.18,89.6,11,8,5,8,0.5
24,21.69,96.0,46,11,32,150,0.16666666666666666
29,20.61,95.2,47,8,3,24,0.5
20,20.14,93.1,5,14,2,9,0.16666666666666666
21,20.11,94.8,1,12,0,70,0.16666666666666666
30,19.65,97.8,30,8,32,5,0.5
26,19.41,91.7,48,9,0,147,0.16666666666666666
30,19.32,91.8,142,4,10,40,0.0
30,18.48,94.1,279,5,27,151,0.0
27,18.3,95.8,93,7,16,233,0.16666666666666666
22,18.16,91.5,53,12,5,18,0.0
22,18.14,97.3,13,15,0,12,0.3333333333333333
21,17.83,97.0,25,12,0,99,0.0
24,17.75,92.9,66,9,7,221,0.0
21,17.69,95.1,4,14,2,103,0.16666666666666666
21,17.65,96.6,6,11,0,130,0.0
23,17.42,93.6,21,11,1,72,0.16666666666666666
23,17.33,99.2,60,11,3,176,0.0
26,16.84,93.7,82,8,8,153,0.16666666666666666
23,16.76,87.7,41,11,5,124,0.3333333333333333
28,16.46,95.9,61,10,20,165,0.8333333333333334
25,16.45,95.6,62,10,6,11,0.16666666666666666
24,16.02,96.8,85,8,8,69,0.0
29,16.01,96.5,104,8,8,116,0.3333333333333333
21,15.87,95.3,10,12,0,155,0.0
23,15.54,97.8,44,11,1,82,0.0
19,15.08,94.4,2,15,2,15,0.0
19,14.88,98.3,3,15,2,77,0.0
27,14.66,95.4,91,7,16,158,0.0
24,14.62,95.4,72,9,1,31,0.0
23,13.57,95.1,38,11,32,68,0.16666666666666666
28,13.49,98.5,74,12,16,84,0.6666666666666666
25,13.31,105.3,68,10,22,56,0.0
19,13.29,94.6,29,15,32,80,0.0
19,12.41,95.6,19,15,3,4,0.0
21,12.24,95.9,65,12,3,202,0.0
22,11.64,97.2,121,9,21,53,0.0
25,9.09,98.1,136,7,15,89,0.0
21,8.17,104.2,134,13,14,144,0.0
25,7.01,98.6,210,10,18,54,0.16666666666666666
25,6.98,97.6,100,10,21,71,0.0
25,6.57,99.2,187,9,23,167,0.0
20,5.45,97.4,75,14,11,234,0.0
27,5.43,104.2,306,6,31,175,0.0
23,4.09,99.6,201,13,19,55,0.0
21,4.05,102.2,203,11,28,235,0.0
18,3.15,100.5,126,14,25,91,0.0
20,2.73,92.5,166,14,26,62,0.0
20,1.91,100.0,254,14,24,93,0.0
21,-0.5,103.9,282,14,17,236,0.0
24,-4.21,98.7,331,9,30,200,0.0
19,-4.53,105.6,211,17,12,189,0.0
20,-5.32,107.1,286,14,13,237,0.0
17,-13.19,106.0,341,18,29,238,0.0
35,33.29,87.7,19,5,5,6,1.0
33,31.85,88.5,16,3,1,25,0.16666666666666666
30,27.62,90.9,10,5,0,128,0.3333333333333333
35,26.54,88.3,50,3,3,21,0.5
31,25.54,91.7,1,7,0,70,0.6666666666666666
29,25.52,90.6,2,8,1,72,0.5
29,24.99,92.5,60,8,2,106,0.3333333333333333
28,24.95,94.3,13,8,1,14,0.5
24,23.56,91.6,18,9,2,16,0.16666666666666666
30,23.27,94.0,96,6,7,17,0.16666666666666666
23,22.64,94.2,4,11,0,130,0.0
33,22.45,88.5,45,5,20,165,0.8333333333333334
24,22.37,95.9,46,9,5,74,0.16666666666666666
24,22.15,97.4,53,11,32,186,0.16666666666666666
29,22.05,87.7,21,6,2,2,0.3333333333333333
24,21.33,91.2,3,10,1,31,0.16666666666666666
25,21.24,96.0,7,8,0,99,0.16666666666666666
26,20.87,94.6,64,9,8,69,0.3333333333333333
24,20.75,93.1,35,10,1,23,0.0
28,20.13,92.7,26,9,2,15,0.6666666666666666
29,20.12,87.7,57,6,8,153,0.0
23,19.99,91.5,39,11,1,82,0.16666666666666666
27,19.9,96.1,91,8,10,40,0.0
22,19.65,95.5,17,12,0,12,0.0
21,19.28,91.6,61,11,5,18,0.0
30,18.87,90.8,73,5,11,192,0.3333333333333333
25,18.66,92.8,23,9,0,83,0.16666666666666666
28,18.59,97.9,81,6,6,19,0.3333333333333333
28,18.5,90.4,32,9,3,4,0.5
23,18.22,91.0,31,13,5,127,0.16666666666666666
26,18.19,93.6,44,10,32,150,0.3333333333333333
22,18.02,87.0,34,10,5,124,0.0
21,17.97,94.1,24,14,2,149,0.0
23,17.71,101.7,51,12,0,108,0.0
24,17.54,96.2,37,9,3,176,0.0
27,17.51,90.3,90,9,16,158,0.16666666666666666
20,16.91,97.6,20,13,0,146,0.0
22,16.72,95.4,36,11,1,126,0.0
25,16.58,94.9,84,9,7,20,0.0
25,16.56,94.0,104,9,7,221,0.0
26,16.53,91.2,129,7,21,239,0.0
30,16.18,97.4,92,5,7,26,0.16666666666666666
27,16.14,96.1,79,7,6,11,0.16666666666666666
29,15.92,101.5,218,5,15,240,0.3333333333333333
21,15.23,97.8,48,13,3,24,0.0
31,15.06,94.0,252,5,18,107,0.16666666666666666
26,15.01,93.8,80,9,8,116,0.0
20,14.12,93.0,28,11,5,177,0.16666666666666666
27,13.86,95.5,228,7,26,241,0.0
26,10.12,94.4,183,9,14,144,0.0
19,8.79,103.2,93,16,21,1,0.0
22,8.25,99.0,163,15,19,133,0.16666666666666666
22,8.08,98.4,153,10,28,159,0.0
25,7.42,102.7,216,8,13,242,0.0
22,6.03,105.5,72,12,10,115,0.0
26,3.19,104.3,205,9,22,56,0.0
25,3.08,101.0,287,10,17,52,0.0
20,2.47,98.4,187,15,27,180,0.0
20,2.11,97.9,170,10,25,91,0.0
27,1.58,104.0,300,10,30,243,0.0
24,-0.47,103.8,261,9,12,132,0.0
23,-0.97,100.8,305,12,31,209,0.0
22,-0.97,106.6,322,11,23,228,0.0
19,-5.63,96.3,290,14,24,136,0.0
18,-6.44,99.5,324,16,29,244,0.0
34,31.14,92.1,27,4,5,8,1.0
31,29.25,86.8,11,5,0,0,0.6666666666666666
31,28.96,92.3,28,5,0,83,0.5
33,28.67,84.2,73,4,21,71,0.3333333333333333
31,26.06,85.2,17,6,0,146,0.5
31,24.81,91.8,57,7,1,82,0.5
30,24.59,93.7,25,6,1,105,0.5
28,24.51,93.0,89,6,6,11,0.3333333333333333
31,24.37,89.9,5,7,2,15,0.8333333333333334
30,24.31,93.2,19,7,5,6,0.3333333333333333
23,24.21,90.9,12,12,0,70,0.0
26,23.93,95.6,39,9,32,68,0.16666666666666666
30,23.89,90.5,14,8,0,99,0.6666666666666666
27,23.83,90.7,32,8,1,25,0.3333333333333333
25,23.03,95.2,13,10,32,81,0.16666666666666666
28,22.21,94.8,21,10,0,128,0.3333333333333333
26,22.09,91.0,4,9,32,150,0.16666666666666666
27,21.84,88.7,46,10,2,2,0.3333333333333333
25,21.02,96.1,34,10,0,12,0.16666666666666666
27,20.24,90.8,68,8,8,69,0.3333333333333333
25,20.1,93.9,76,8,7,17,0.0
23,19.65,92.5,8,12,1,23,0.16666666666666666
23,19.62,96.7,77,9,5,18,0.0
24,18.88,92.7,41,7,5,177,0.0
24,18.72,88.1,55,10,2,9,0.0
23,18.33,98.1,15,12,1,126,0.16666666666666666
22,18.26,91.8,2,13,32,80,0.16666666666666666
24,17.8,92.9,33,10,7,187,0.0
20,17.62,95.7,44,13,2,16,0.16666666666666666
22,17.37,99.4,30,11,32,186,0.0
21,16.48,98.7,31,13,3,4,0.0
22,16.34,96.9,36,11,2,106,0.0
21,15.96,101.8,10,14,32,5,0.3333333333333333
26,15.78,94.5,159,6,20,165,0.0
25,15.76,90.1,6,10,5,124,0.0
22,15.43,92.6,43,11,2,149,0.0
30,15.12,101.6,151,5,10,40,0.0
24,15.01,98.1,48,10,1,31,0.16666666666666666
27,14.86,96.6,101,8,3,101,0.16666666666666666
21,14.75,97.5,20,14,2,103,0.16666666666666666
22,14.38,95.5,49,12,8,153,0.0
24,13.62,96.4,166,10,16,84,0.0
21,13.55,96.4,24,14,5,74,0.16666666666666666
26,12.29,102.0,154,7,22,162,0.0
26,11.96,93.3,100,11,20,140,0.16666666666666666
27,11.93,98.4,188,8,26,241,0.16666666666666666
23,11.55,96.2,82,13,3,30,0.0
22,11.2,102.0,51,12,5,245,0.0
27,10.23,93.0,93,8,8,29,0.16666666666666666
23,9.7,100.9,97,11,11,192,0.0
25,8.1,103.0,197,9,12,57,0.16666666666666666
23,6.9,96.0,246,13,19,55,0.0
24,6.52,90.4,212,8,13,169,0.0
23,5.67,100.7,267,11,27,180,0.0
21,5.23,103.3,291,10,15,240,0.0
17,5.18,97.0,123,14,25,246,0.0
24,4.7,100.6,317,8,23,216,0.0
23,4.04,105.1,221,10,28,247,0.0
24,1.49,100.6,284,11,31,209,0.0
23,0.99,99.1,309,12,30,243,0.0
20,0.76,101.3,138,16,18,54,0.0
21,-0.86,102.1,243,12,24,174,0.0
23,-0.98,103.3,281,9,17,248,0.0
22,-2.97,103.6,339,10,29,238,0.0
18,-4.04,108.4,200,17,14,113,0.0
37,35.21,85.7,8,3,1,25,1.0
38,31.51,86.5,62,2,21,71,0.8333333333333334
36,30.22,91.9,36,3,5,8,0.6666666666666666
35,29.94,88.1,6,4,32,68,0.6666666666666666
31,26.68,86.8,61,5,2,16,0.3333333333333333
28,26.4,89.9,9,6,5,6,0.16666666666666666
28,25.56,89.7,31,6,0,130,0.16666666666666666
27,25.41,87.7,28,9,0,146,0.5
31,25.09,95.5,29,7,1,23,0.5
26,24.32,90.8,12,9,32,35,0.3333333333333333
29,23.61,93.4,105,7,14,109,0.5
28,22.75,90.9,11,8,32,211,0.3333333333333333
31,22.17,94.0,4,5,3,4,0.3333333333333333
25,22.16,93.1,41,10,0,12,0.16666666666666666
30,22.05,95.2,34,7,8,69,0.5
24,22.03,91.9,5,10,5,18,0.0
28,21.46,98.5,101,5,11,42,0.0
26,21.29,93.3,24,11,0,70,0.3333333333333333
27,21.15,94.7,32,9,2,15,0.3333333333333333
30,19.97,96.2,133,4,20,165,0.16666666666666666
25,19.93,92.3,51,11,1,31,0.16666666666666666
27,19.91,96.6,44,10,0,83,0.16666666666666666
19,19.14,97.3,1,15,32,5,0.0
25,19.07,95.6,48,8,0,108,0.16666666666666666
25,19.05,95.5,147,8,6,11,0.0
21,18.9,95.3,38,12,1,72,0.16666666666666666
24,18.9,96.3,45,9,0,0,0.0
21,18.67,91.9,2,12,32,80,0.0
25,18.43,96.1,75,8,2,76,0.0
25,18.3,92.2,86,9,2,2,0.16666666666666666
23,16.77,91.5,35,11,3,30,0.16666666666666666
27,15.76,91.7,139,8,7,17,0.0
18,15.66,103.1,14,14,32,44,0.0
23,15.38,97.1,70,11,5,75,0.16666666666666666
23,15.19,96.2,25,12,3,73,0.16666666666666666
21,14.82,100.9,64,11,1,14,0.0
25,14.66,94.6,174,7,6,19,0.0
29,14.6,97.3,176,7,12,57,0.3333333333333333
23,14.47,95.1,30,12,1,105,0.16666666666666666
21,14.32,100.8,63,13,8,188,0.0
22,14.21,95.0,15,13,0,99,0.3333333333333333
27,13.71,96.5,131,8,7,221,0.16666666666666666
28,13.04,94.8,166,7,19,87,0.0
26,12.65,99.6,49,8,3,176,0.0
21,12.37,100.4,53,13,8,153,0.0
26,11.8,100.8,182,7,12,249,0.0
24,10.27,94.5,103,9,22,85,0.0
18,10.01,97.8,50,13,3,21,0.0
23,9.68,101.0,203,11,16,233,0.0
24,8.47,103.9,243,9,25,120,0.0
17,8.08,96.2,22,17,3,202,0.0
23,7.99,100.7,144,11,26,241,0.16666666666666666
22,6.38,93.1,106,12,24,136,0.0
23,5.4,103.2,202,10,28,247,0.0
22,4.64,97.0,125,14,6,250,0.16666666666666666
22,4.41,105.7,314,6,15,240,0.0
25,3.89,104.8,177,9,10,37,0.0
24,3.86,109.3,274,9,17,172,0.0
25,3.53,106.2,265,9,27,151,0.0
21,1.67,106.3,295,12,23,216,0.0
24,-0.3,104.9,204,11,18,198,0.0
19,-1.32,100.6,241,15,31,143,0.0
21,-2.31,103.6,304,12,13,251,0.0
16,-14.41,106.8,321,21,30,252,0.0
17,-15.21,107.1,331,16,29,232,0.0
31,31.37,89.6,1,7,5,8,0.5
35,30.81,92.0,33,5,3,24,1.0
35,29.33,91.7,37,4,2,106,0.8333333333333334
30,28.48,93.5,18,7,0,130,0.6666666666666666
33,27.81,87.5,58,5,1,25,0.5
30,27.15,88.3,3,6,32,68,0.6666666666666666
27,26.97,92.3,87,7,1,31,0.3333333333333333
30,25.45,90.1,55,6,2,16,0.16666666666666666
33,24.81,90.6,130,4,21,71,0.5
22,23.3,89.9,4,11,5,6,0.0
29,22.9,95.2,19,8,0,83,0.3333333333333333
25,22.42,90.0,38,9,5,74,0.16666666666666666
22,21.73,95.3,2,12,3,21,0.16666666666666666
21,21.58,93.8,43,11,2,76,0.16666666666666666
29,21.45,96.5,94,7,20,165,0.3333333333333333
29,21.03,88.8,11,7,11,253,0.3333333333333333
23,20.97,91.8,27,12,2,15,0.16666666666666666
29,20.76,97.6,59,8,32,44,0.5
24,20.35,93.1,61,10,0,146,0.16666666666666666
22,20.11,93.3,7,11,0,99,0.0
24,20.02,98.1,107,8,0,108,0.0
20,19.61,97.3,21,12,5,127,0.0
20,19.43,100.1,8,11,32,5,0.0
25,19.24,100.3,53,10,1,23,0.16666666666666666
26,18.87,92.8,64,8,32,35,0.16666666666666666
22,18.53,95.3,49,11,11,10,0.0
22,18.31,92.4,15,12,2,2,0.16666666666666666
24,18.29,97.6,9,11,3,4,0.3333333333333333
25,18.13,99.2,96,9,8,69,0.16666666666666666
23,17.5,89.8,44,12,2,9,0.0
22,17.38,95.0,13,12,5,100,0.16666666666666666
24,17.18,94.6,46,10,0,12,0.0
25,16.86,94.2,51,12,32,80,0.3333333333333333
30,16.83,95.8,32,7,7,221,0.3333333333333333
21,16.62,93.9,10,14,3,73,0.0
22,16.23,99.4,22,12,3,176,0.3333333333333333
21,16.18,101.1,5,12,5,245,0.16666666666666666
25,16.11,100.6,86,9,7,17,0.0
29,16.09,101.2,161,5,10,33,0.16666666666666666
21,15.43,98.7,28,11,5,47,0.16666666666666666
23,15.31,100.0,89,11,6,11,0.0
29,14.81,98.0,197,5,24,136,0.16666666666666666
28,14.55,102.0,162,7,16,84,0.16666666666666666
29,13.32,98.5,193,5,14,109,0.0
24,12.7,95.9,119,9,16,158,0.0
18,12.37,97.3,29,13,32,211,0.0
21,10.98,101.3,48,13,1,28,0.0
18,8.38,97.4,103,15,19,254,0.0
23,8.36,98.7,139,11,33,85,0.0
26,7.76,106.4,278,7,13,95,0.0
22,7.69,102.1,213,9,15,171,0.0
25,7.4,95.6,254,9,23,201,0.0
23,7.28,97.7,146,9,8,212,0.0
25,7.27,101.1,159,9,10,115,0.0
23,6.66,97.8,118,10,20,121,0.0
24,5.44,106.8,236,8,25,61,0.0
23,4.38,102.2,304,10,27,151,0.0
23,2.25,105.2,217,10,17,205,0.0
23,-0.98,104.0,224,11,12,132,0.0
22,-2.24,106.3,294,12,31,255,0.0
21,-2.58,105.3,245,12,18,217,0.0
20,-2.71,104.8,143,12,28,197,0.0
23,-2.76,110.0,260,12,26,256,0.0
21,-9.48,109.7,331,14,29,257,0.0
21,-9.57,110.2,322,14,30,258,0.0
33,28.28,89.7,24,6,3,24,1.0
32,27.54,91.8,16,4,5,6,0.3333333333333333
30,25.79,91.7,55,7,1,23,0.5
30,25.44,92.3,29,4,0,0,0.5
28,24.59,91.7,5,5,0,99,0.5
33,23.54,89.6,128,4,21,71,0.5
32,23.4,89.3,31,7,32,68,0.8333333333333334
25,23.22,87.2,63,8,1,25,0.0
26,23.2,91.3,49,7,2,9,0.16666666666666666
23,22.16,93.7,26,8,5,8,0.16666666666666666
27,22.0,87.8,10,9,3,101,0.6666666666666666
25,21.72,90.6,21,8,0,83,0.16666666666666666
23,21.29,95.2,14,10,0,130,0.3333333333333333
26,20.68,92.3,37,6,2,106,0.16666666666666666
26,20.09,94.7,71,7,32,150,0.3333333333333333
22,19.49,96.6,7,11,0,70,0.3333333333333333
22,19.44,97.2,20,8,3,4,0.16666666666666666
28,18.65,99.2,34,8,5,245,0.3333333333333333
22,18.47,93.8,62,10,3,73,0.0
25,18.22,85.6,23,9,2,79,0.0
27,18.16,91.5,77,8,16,233,0.6666666666666666
20,17.23,95.0,18,13,32,5,0.16666666666666666
22,17.13,97.3,12,13,3,21,0.16666666666666666
22,16.5,91.0,74,11,11,160,0.3333333333333333
26,16.06,95.7,96,9,11,131,0.3333333333333333
22,16.02,100.3,48,12,2,15,0.0
22,15.92,96.6,36,10,5,38,0.16666666666666666
22,15.9,90.8,94,9,1,31,0.16666666666666666
23,15.84,93.1,103,10,11,192,0.0
29,15.64,103.5,104,4,6,11,0.3333333333333333
19,15.53,94.4,1,12,2,76,0.16666666666666666
20,15.36,97.4,3,11,0,12,0.0
27,15.22,94.8,143,6,10,33,0.0
19,14.94,96.6,46,12,2,16,0.0
24,14.87,98.3,176,7,7,259,0.0
25,14.77,92.4,145,8,16,179,0.0
27,14.67,95.6,237,3,8,212,0.16666666666666666
20,13.99,99.0,69,9,1,105,0.0
20,13.68,96.8,41,11,32,186,0.0
22,13.6,89.3,144,11,11,253,0.0
23,13.15,96.8,28,12,0,128,0.0
24,12.78,100.0,136,9,7,20,0.0
21,12.73,98.2,148,11,8,69,0.0
24,12.65,96.5,215,7,21,53,0.0
27,12.56,93.1,265,5,23,167,0.16666666666666666
18,12.48,100.3,25,13,3,13,0.16666666666666666
22,11.86,96.5,90,9,20,219,0.16666666666666666
23,11.33,98.4,61,8,26,86,0.0
24,10.87,99.0,180,8,25,223,0.0
23,10.86,102.6,177,9,10,40,0.0
25,10.54,97.8,165,9,19,87,0.0
23,10.27,94.2,203,8,24,136,0.0
24,9.28,99.9,243,7,12,249,0.0
18,9.06,97.4,58,12,0,110,0.0
24,8.95,102.7,146,7,28,159,0.16666666666666666
24,8.56,96.0,196,7,18,107,0.0
26,7.51,99.1,201,8,13,224,0.16666666666666666
20,7.3,94.5,272,9,15,171,0.0
21,5.7,101.4,174,12,33,85,0.0
20,4.86,105.0,227,11,14,109,0.0
21,2.63,103.6,277,11,17,205,0.0
19,-0.68,96.4,235,15,31,260,0.0
20,-0.73,107.8,275,11,27,151,0.0
19,-3.4,99.6,323,13,29,199,0.0
16,-10.4,102.3,334,16,30,200,0.0
33,32.77,89.7,7,4,5,8,1.0
37,32.68,89.6,32,2,2,9,0.8333333333333334
27,27.41,88.3,2,6,5,6,0.3333333333333333
33,25.78,93.0,68,5,21,146,0.6666666666666666
26,25.67,94.0,41,7,2,15,0.6666666666666666
26,25.02,96.2,19,7,1,126,0.3333333333333333
24,25.02,89.7,21,8,0,99,0.3333333333333333
27,24.86,99.5,13,6,5,177,0.16666666666666666
28,24.1,88.9,20,6,3,21,0.5
24,23.93,92.5,53,8,3,24,0.16666666666666666
23,23.08,92.5,18,7,1,25,0.0
25,22.55,91.8,27,8,1,105,0.16666666666666666
30,22.22,94.5,22,7,32,5,0.5
29,22.18,98.4,26,6,32,150,0.3333333333333333
23,21.94,90.2,12,8,0,0,0.16666666666666666
27,20.98,94.7,47,7,0,128,0.0
25,20.81,91.2,10,9,2,16,0.5
24,20.51,98.3,57,8,3,13,0.0
25,20.43,92.0,71,8,21,147,0.16666666666666666
29,20.33,92.7,78,6,7,187,0.3333333333333333
24,19.62,96.4,213,8,25,40,0.0
20,19.23,90.0,4,12,5,127,0.16666666666666666
21,18.93,96.1,14,14,5,38,0.3333333333333333
20,18.41,96.3,61,9,0,83,0.0
25,18.3,96.0,81,5,0,245,0.16666666666666666
26,17.88,101.4,135,5,6,11,0.16666666666666666
21,17.17,94.7,31,12,2,79,0.0
20,17.01,97.1,38,11,1,23,0.0
27,16.75,92.4,51,8,11,253,0.16666666666666666
26,15.54,97.3,154,7,7,26,0.0
22,15.47,94.8,5,11,1,28,0.3333333333333333
23,15.25,94.0,42,11,3,30,0.16666666666666666
24,15.0,99.1,9,11,0,70,0.5
26,14.69,95.4,119,6,20,219,0.3333333333333333
22,14.41,95.5,147,8,8,212,0.0
23,14.33,100.0,112,11,11,10,0.0
27,14.08,100.5,160,4,25,223,0.16666666666666666
21,14.06,89.9,75,11,2,149,0.0
20,13.8,100.1,37,10,3,101,0.0
25,13.53,97.8,231,7,17,52,0.16666666666666666
21,13.36,98.9,82,11,11,192,0.0
19,13.02,90.1,28,12,1,7,0.16666666666666666
22,12.51,96.7,90,11,21,53,0.16666666666666666
21,12.15,99.5,114,8,21,261,0.0
25,12.11,91.8,124,7,10,33,0.16666666666666666
27,11.62,101.1,190,8,10,239,0.0
18,10.74,97.1,49,11,32,68,0.0
18,10.63,95.9,25,13,32,211,0.0
28,10.04,94.6,225,6,16,158,0.0
20,9.91,97.2,115,11,12,215,0.0
20,9.6,92.5,199,9,15,171,0.0
25,9.41,97.4,98,9,6,19,0.0
21,8.29,101.5,109,11,19,133,0.0
23,6.69,95.6,210,10,23,167,0.16666666666666666
20,5.43,109.8,214,10,26,256,0.0
27,4.97,96.5,262,6,24,136,0.0
24,3.2,93.9,241,9,13,262,0.0
22,1.98,100.8,182,9,18,217,0.0
20,0.03,98.8,223,11,14,113,0.0
13,-1.2,109.3,99,19,33,56,0.0
20,-2.52,105.2,267,13,31,97,0.0
24,-2.56,107.6,280,9,27,148,0.0
18,-2.73,102.6,237,13,28,159,0.0
19,-4.95,107.2,311,14,30,263,0.0
15,-12.49,102.9,327,14,29,264,0.0
31,32.33,88.5,7,6,5,6,0.6666666666666666
33,28.3,89.5,27,6,0,0,1.0
30,27.66,91.2,38,2,8,188,0.5
31,27.37,91.1,29,4,1,126,0.6666666666666666
31,25.91,88.2,63,5,0,83,0.3333333333333333
25,25.74,90.3,20,7,2,16,0.16666666666666666
28,25.34,95.5,94,3,6,11,0.16666666666666666
28,24.69,88.8,2,10,5,127,0.8333333333333334
21,23.98,95.1,6,10,5,38,0.16666666666666666
27,23.35,90.1,16,5,3,21,0.16666666666666666
19,23.23,94.1,4,11,5,8,0.16666666666666666
30,22.52,89.3,78,2,32,211,0.16666666666666666
26,22.11,95.7,28,7,2,9,0.3333333333333333
26,21.74,92.9,69,4,3,30,0.16666666666666666
21,21.69,99.9,5,10,5,177,0.3333333333333333
25,21.56,94.5,90,7,21,147,0.16666666666666666
25,21.54,94.1,11,8,1,23,0.3333333333333333
24,20.89,91.4,10,9,1,25,0.5
20,20.44,86.6,43,10,21,146,0.0
25,20.27,92.0,32,9,10,33,0.3333333333333333
26,20.16,93.6,33,11,8,69,0.5
20,19.81,91.1,1,12,5,74,0.16666666666666666
23,18.64,95.0,23,10,3,176,0.3333333333333333
20,18.32,93.9,25,9,0,78,0.0
20,18.26,98.6,24,11,3,24,0.0
21,17.35,95.0,36,10,0,110,0.16666666666666666
23,17.11,94.3,15,11,1,28,0.16666666666666666
20,16.5,98.2,12,13,3,13,0.5
23,16.34,96.7,34,8,0,128,0.3333333333333333
26,16.29,98.0,157,5,19,218,0.0
20,16.18,102.3,55,10,32,5,0.0
22,16.17,95.6,86,8,21,71,0.16666666666666666
18,15.66,101.5,39,12,2,15,0.0
21,15.64,97.4,19,9,7,17,0.0
22,15.42,96.0,170,7,7,259,0.0
24,15.42,95.1,73,10,0,245,0.16666666666666666
20,15.07,90.9,37,13,8,116,0.0
23,15.02,94.7,82,11,3,43,0.0
24,14.69,97.8,133,8,10,239,0.0
25,14.33,94.8,107,5,11,253,0.0
21,14.25,98.5,109,9,21,261,0.0
24,14.13,96.0,50,9,7,187,0.0
22,13.63,94.5,83,10,21,53,0.3333333333333333
25,13.38,95.7,177,6,26,208,0.16666666666666666
22,11.36,101.6,64,10,21,265,0.16666666666666666
19,10.78,102.3,58,12,32,150,0.0
28,10.62,99.9,180,6,18,107,0.0
24,10.39,97.1,153,8,20,266,0.0
20,10.23,99.0,150,9,12,215,0.0
24,9.75,98.4,91,9,8,29,0.0
23,9.09,96.5,208,8,16,84,0.0
25,8.93,99.7,164,8,25,223,0.16666666666666666
21,8.78,98.6,147,10,11,192,0.0
27,8.6,95.8,210,6,14,180,0.0
25,5.91,97.4,234,6,27,148,0.0
20,4.86,101.4,254,8,15,89,0.0
17,3.09,102.3,176,13,28,137,0.0
18,0.53,99.6,118,13,33,203,0.0
22,-1.37,102.4,295,9,17,52,0.0
18,-2.5,100.8,248,15,24,135,0.0
21,-3.99,102.1,246,12,31,260,0.0
20,-7.01,104.7,316,11,23,228,0.0
19,-7.69,105.7,267,14,13,237,0.0
15,-9.35,108.3,305,17,30,258,0.0
16,-10.72,104.5,320,15,29,238,0.0
32,29.18,87.4,3,4,3,21,0.5
30,28.62,86.4,2,8,1,25,0.8333333333333334
28,28.61,86.2,66,5,0,83,0.3333333333333333
28,26.8,88.8,14,4,32,5,0.5
25,24.47,88.7,60,7,2,9,0.16666666666666666
26,23.75,91.3,17,7,5,6,0.3333333333333333
26,23.49,95.8,16,7,1,23,0.6666666666666666
30,23.28,91.1,34,5,0,128,1.0
27,23.01,89.1,30,7,1,105,0.5
25,22.75,93.0,67,7,21,146,0.16666666666666666
25,22.14,94.4,56,8,3,24,0.16666666666666666
24,22.07,92.4,52,8,2,16,0.3333333333333333
21,22.0,88.9,36,10,5,74,0.3333333333333333
21,21.53,85.8,23,10,3,30,0.0
27,21.3,99.2,50,6,21,12,0.6666666666666666
23,20.75,88.3,74,7,8,188,0.0
24,20.31,96.2,9,10,0,108,0.3333333333333333
22,20.26,89.9,12,13,2,15,0.5
26,19.88,94.0,75,6,8,69,0.16666666666666666
25,19.87,94.6,58,6,5,177,0.16666666666666666
23,19.54,92.0,10,10,0,0,0.3333333333333333
21,18.15,92.8,80,11,3,101,0.0
23,17.68,91.7,11,9,7,17,0.0
22,17.67,88.2,44,10,1,126,0.16666666666666666
29,17.54,94.9,159,5,11,10,0.0
19,17.42,89.6,6,11,2,2,0.16666666666666666
22,17.32,94.2,18,11,1,82,0.16666666666666666
23,16.72,94.1,133,7,21,71,0.0
20,16.49,97.4,41,12,32,81,0.16666666666666666
27,16.09,99.3,95,6,20,165,0.3333333333333333
24,15.58,97.7,115,9,6,11,0.16666666666666666
20,15.27,93.8,24,12,1,22,0.0
17,14.69,90.3,33,12,21,147,0.0
24,14.62,94.9,252,7,16,179,0.0
17,14.6,95.7,32,12,3,13,0.0
24,14.57,95.2,46,9,32,211,0.16666666666666666
24,14.53,101.9,99,6,8,29,0.0
21,14.48,98.9,13,13,2,76,0.16666666666666666
23,14.25,97.1,73,10,32,44,0.0
25,14.04,92.6,29,8,7,187,0.16666666666666666
22,13.63,94.1,55,12,3,3,0.3333333333333333
22,13.59,96.3,31,9,32,186,0.16666666666666666
22,13.35,96.9,221,6,15,171,0.0
18,13.18,98.1,22,13,5,38,0.0
23,13.04,94.9,155,10,10,191,0.16666666666666666
23,12.97,96.0,79,8,20,219,0.0
24,11.76,98.6,129,7,11,253,0.0
24,11.75,96.3,143,9,12,57,0.0
25,10.4,95.1,258,5,23,201,0.0
23,10.04,95.4,182,7,26,208,0.0
25,10.01,99.4,102,7,19,267,0.16666666666666666
25,8.88,102.5,219,5,28,197,0.0
17,8.32,96.4,81,12,6,250,0.0
22,7.41,99.7,198,9,25,40,0.0
25,6.15,100.8,251,6,27,268,0.0
17,5.96,104.6,86,14,7,32,0.0
20,2.65,98.0,109,8,18,198,0.0
17,1.75,99.6,169,11,14,180,0.0
19,1.57,99.5,249,11,17,52,0.0
21,0.82,100.6,296,7,13,242,0.0
19,0.46,102.5,157,14,33,269,0.0
21,-1.16,105.9,261,11,31,67,0.0
20,-8.59,105.0,317,11,30,270,0.0
18,-10.45,108.7,322,13,29,98,0.0
14,-12.35,113.5,272,17,24,93,0.0
31,34.19,86.8,13,4,5,6,0.3333333333333333
31,30.19,87.9,66,4,21,147,0.16666666666666666
32,29.25,89.9,11,4,5,74,1.0
33,28.99,89.7,4,4,1,25,0.6666666666666666
31,26.04,88.9,15,5,1,105,0.6666666666666666
25,24.8,89.2,2,12,2,76,0.8333333333333334
22,24.72,90.4,29,9,3,24,0.0
26,23.21,92.5,9,9,2,9,0.3333333333333333
26,22.97,96.3,31,9,32,44,0.5
22,22.21,91.2,6,10,3,21,0.3333333333333333
26,21.47,91.9,92,7,21,12,0.0
22,20.67,92.1,10,10,32,80,0.0
24,20.54,98.8,1,10,32,5,0.3333333333333333
29,20.39,96.4,77,6,19,87,0.5
20,20.32,96.3,5,10,32,211,0.16666666666666666
29,19.94,92.2,150,6,0,83,0.3333333333333333
24,19.76,96.6,58,8,2,106,0.16666666666666666
27,19.36,92.8,44,7,0,0,0.5
21,19.27,96.8,98,11,0,108,0.16666666666666666
23,19.15,94.0,20,11,5,38,0.16666666666666666
27,18.73,95.3,46,8,3,13,0.16666666666666666
26,18.6,92.6,55,6,8,69,0.16666666666666666
28,18.51,97.1,147,4,6,11,0.0
22,18.44,98.3,30,9,3,202,0.16666666666666666
27,18.25,93.1,56,8,3,30,0.16666666666666666
22,17.69,98.3,14,12,1,23,0.3333333333333333
24,17.49,98.7,34,12,1,82,0.5
21,17.35,101.3,12,13,5,177,0.16666666666666666
23,17.24,97.4,50,9,1,28,0.0
19,16.86,96.2,21,12,2,15,0.0
19,16.68,96.7,80,11,3,152,0.0
21,16.34,97.3,7,12,32,68,0.3333333333333333
23,16.03,93.7,36,9,32,186,0.16666666666666666
23,15.8,92.1,38,9,1,126,0.0
24,15.77,94.7,109,8,0,75,0.0
18,15.73,98.5,43,12,21,261,0.0
26,15.59,100.4,151,7,10,191,0.16666666666666666
26,14.51,96.0,177,4,12,57,0.0
19,14.08,97.3,74,9,7,187,0.0
24,13.63,97.8,183,8,33,203,0.0
28,13.45,95.7,105,8,11,253,0.3333333333333333
18,13.22,97.5,16,13,2,16,0.16666666666666666
26,13.15,97.2,188,6,10,190,0.0
25,12.23,98.0,212,7,15,171,0.0
23,11.82,99.5,113,9,11,10,0.16666666666666666
21,11.72,99.3,87,9,6,271,0.0
23,11.32,96.1,169,10,16,179,0.16666666666666666
22,11.01,96.7,94,9,7,112,0.16666666666666666
20,9.97,99.4,102,12,0,245,0.0
21,9.29,97.6,53,12,7,20,0.0
20,9.06,93.6,61,12,0,155,0.0
19,8.87,99.3,175,11,25,91,0.0
20,5.39,97.8,258,9,13,46,0.0
25,3.99,105.9,285,7,30,200,0.0
18,3.85,105.0,136,14,20,266,0.0
18,3.7,97.8,131,10,14,109,0.0
17,1.35,105.5,170,13,18,107,0.0
27,0.93,99.7,307,5,31,255,0.0
18,-0.24,98.4,261,15,23,201,0.0
17,-1.21,102.0,246,19,26,241,0.0
18,-2.5,102.1,213,12,27,39,0.0
22,-2.74,104.0,305,10,17,236,0.0
14,-4.51,106.9,168,15,28,159,0.0
17,-5.31,102.6,313,12,24,136,0.0
20,-8.71,108.8,325,10,29,272,0.0
